王思聪,赖,1432018529809
吴昕,孙,1432018529809
峰绍冯妮倪,罗,1432018529809
吴昕,任,1432018529809
女生的怪癖,任,1432018529809
吴昕,崔,1432018529809
八掌柜,蒋,1432018529809
女生的怪癖,熊,1432018529809
八掌柜,田,1432018529809
要不是因为丑,易,1432018529809
娄艺潇 邓家佳,彭,1432018529809
3分钟数完,蒋,1432018529809
吴昕,王,1432018529809
吴倩,贾,1432018529809
八掌柜,段,1432018529809
王思聪,易,1432018529809
娄艺潇 邓家佳,龚,1432018529809
在校生30例艾滋病,周,1432018529809
吴倩,段,1432018529809
爸爸去哪儿3,贺,1432018529809
女生的怪癖,孟,1432018529809
3分钟数完,熊,1432018529809
胖不是因为你吃得多,万,1432018529809
要不是因为丑,金,1432018529809
蒲公英的正确玩法,史,1432018529809
熊乃瑾,朱,1432018529809
蒲公英的正确玩法,刘,1432018529809
吴昕,孙,1432018529809
胖不是因为你吃得多,钱,1432018529809
小学恋情死于换位置,邱,1432018529809
蒲公英的正确玩法,崔,1432018529809
学校2015,何,1432018529809
学校2015,尹,1432018529809
娄艺潇 邓家佳,曹,1432018529809
学校2015,乔,1432018529809
吴倩,马,1432018529809
吴倩,王,1432018529809
熊乃瑾,龚,1432018529809
八掌柜,田,1432018529809
张馨予 删博,朱,1432018529809
八掌柜,罗,1432018529809
我赚外国人的钱,陆,1432018529809
蒲公英的正确玩法,锺,1432018529809
我赚外国人的钱,武,1432018529809
3分钟数完,石,1432018529809
胖不是因为你吃得多,马,1432018529809
熊乃瑾,范,1432018529809
爸爸去哪儿3,崔,1432018529809
王思聪,康,1432018529809
3分钟数完,毛,1432018529809
八掌柜,史,1432018529809
熊乃瑾,康,1432018529809
王思聪,邓,1432018529809
峰绍冯妮倪,黎,1432018529809
张馨予 删博,黄,1432018529809
3分钟数完,魏,1432018529809
留长发还是短发,程,1432018529809
吴倩,雷,1432018529809
熊乃瑾,邵,1432018529809
熊乃瑾,陈,1432018529809
我赚外国人的钱,郝,1432018529809
要不是因为丑,乔,1432018529809
张馨予 删博,张,1432018529809
要不是因为丑,刘,1432018529809
蒲公英的正确玩法,罗,1432018529809
要不是因为丑,董,1432018529809
胖不是因为你吃得多,宋,1432018529809
女生的怪癖,林,1432018529809
八掌柜,赵,1432018529809
八掌柜,萧,1432018529809
学校2015,康,1432018529809
要不是因为丑,余,1432018529809
3分钟数完,魏,1432018529809
留长发还是短发,尹,1432018529809
王思聪,贺,1432018529809
王思聪,薛,1432018529809
张馨予 删博,汪,1432018529809
张馨予 删博,贾,1432018529809
小学恋情死于换位置,陈,1432018529809
胖不是因为你吃得多,唐,1432018529809
爸爸去哪儿3,任,1432018529809
3分钟数完,谭,1432018529809
吴倩,孟,1432018529809
熊乃瑾,康,1432018529809
吴倩,何,1432018529809
娄艺潇 邓家佳,许,1432018529809
娄艺潇 邓家佳,刘,1432018529809
王思聪,马,1432018529809
中国泡菜攻陷韩国,萧,1432018529809
吴昕,姜,1432018529809
女生的怪癖,冯,1432018529809
胖不是因为你吃得多,段,1432018529809
蒲公英的正确玩法,常,1432018529809
留长发还是短发,薛,1432018529809
我赚外国人的钱,王,1432018529809
女生的怪癖,毛,1432018529809
吴倩,王,1432018529809
留长发还是短发,熊,1432018529809
娄艺潇 邓家佳,谭,1432018529809
爸爸去哪儿3,邵,1432018529809
小学恋情死于换位置,董,1432018529809
八掌柜,邹,1432018529809
爸爸去哪儿3,陆,1432018529809
小学恋情死于换位置,卢,1432018529809
峰绍冯妮倪,贾,1432018529809
胖不是因为你吃得多,马,1432018529809
熊乃瑾,邓,1432018529809
王思聪,周,1432018529809
王思聪,贾,1432018529809
熊乃瑾,刘,1432018529809
女生的怪癖,锺,1432018529809
留长发还是短发,方,1432018529809
蒲公英的正确玩法,孔,1432018529809
胖不是因为你吃得多,秦,1432018529809
吴倩,江,1432018529809
学校2015,周,1432018529809
胖不是因为你吃得多,乔,1432018529809
胖不是因为你吃得多,范,1432018529809
我赚外国人的钱,戴,1432018529809
学校2015,傅,1432018529809
张馨予 删博,邹,1432018529809
吴昕,蒋,1432018529809
蒲公英的正确玩法,任,1432018529809
峰绍冯妮倪,冯,1432018529809
王思聪,卢,1432018529809
八掌柜,郭,1432018529809
在校生30例艾滋病,邵,1432018529809
峰绍冯妮倪,吕,1432018529809
张馨予 删博,康,1432018529809
蒲公英的正确玩法,熊,1432018529809
娄艺潇 邓家佳,任,1432018529809
吴倩,郭,1432018529809
吴倩,吴,1432018529809
熊乃瑾,孔,1432018529809
娄艺潇 邓家佳,何,1432018529809
留长发还是短发,史,1432018529809
吴昕,陈,1432018529809
爸爸去哪儿3,赖,1432018529809
留长发还是短发,雷,1432018529809
学校2015,黄,1432018529809
要不是因为丑,贺,1432018529809
熊乃瑾,高,1432018529809
女生的怪癖,贺,1432018529809
中国泡菜攻陷韩国,董,1432018529809
娄艺潇 邓家佳,龙,1432018529809
我赚外国人的钱,邓,1432018529809
峰绍冯妮倪,尹,1432018529809
胖不是因为你吃得多,谭,1432018529809
小学恋情死于换位置,范,1432018529809
中国泡菜攻陷韩国,汪,1432018529809
要不是因为丑,郭,1432018529809
在校生30例艾滋病,雷,1432018529809
吴昕,余,1432018529809
留长发还是短发,常,1432018529809
学校2015,贾,1432018529809
熊乃瑾,梁,1432018529809
熊乃瑾,沈,1432018529809
吴倩,孟,1432018529809
熊乃瑾,龙,1432018529809
吴倩,曾,1432018529809
3分钟数完,石,1432018529809
熊乃瑾,郑,1432018529809
学校2015,廖,1432018529809
3分钟数完,王,1432018529809
娄艺潇 邓家佳,薛,1432018529809
爸爸去哪儿3,秦,1432018529809
王思聪,叶,1432018529809
峰绍冯妮倪,杨,1432018529809
留长发还是短发,谭,1432018529809
蒲公英的正确玩法,邱,1432018529809
八掌柜,黄,1432018529809
爸爸去哪儿3,孙,1432018529809
我赚外国人的钱,锺,1432018529809
学校2015,魏,1432018529809
熊乃瑾,徐,1432018529809
吴昕,唐,1432018529809
吴昕,钱,1432018529809
八掌柜,邱,1432018529809
爸爸去哪儿3,范,1432018529809
峰绍冯妮倪,梁,1432018529809
熊乃瑾,段,1432018529809
吴倩,许,1432018529809
要不是因为丑,贺,1432018529809
爸爸去哪儿3,郑,1432018529809
娄艺潇 邓家佳,孔,1432018529809
小学恋情死于换位置,程,1432018529809
峰绍冯妮倪,杜,1432018529809
女生的怪癖,黄,1432018529809
王思聪,杨,1432018529809
中国泡菜攻陷韩国,苏,1432018529809
3分钟数完,萧,1432018529809
张馨予 删博,邱,1432018529809
熊乃瑾,沈,1432018529809
3分钟数完,徐,1432018529809
女生的怪癖,贾,1432018529809
蒲公英的正确玩法,胡,1432018529809
娄艺潇 邓家佳,谭,1432018529809
吴倩,徐,1432018529809
在校生30例艾滋病,曹,1432018529809
爸爸去哪儿3,郑,1432018529809
蒲公英的正确玩法,万,1432018529809
留长发还是短发,罗,1432018529809
王思聪,谢,1432018529809
熊乃瑾,曾,1432018529809
小学恋情死于换位置,龚,1432018529809
熊乃瑾,卢,1432018529809
王思聪,叶,1432018529809
蒲公英的正确玩法,何,1432018529809
在校生30例艾滋病,夏,1432018529809
3分钟数完,王,1432018529809
3分钟数完,赵,1432018529809
小学恋情死于换位置,任,1432018529809
吴倩,陈,1432018529809
八掌柜,任,1432018529809
女生的怪癖,徐,1432018529809
娄艺潇 邓家佳,余,1432018529809
小学恋情死于换位置,孔,1432018529809
蒲公英的正确玩法,蒋,1432018529809
王思聪,梁,1432018529809
爸爸去哪儿3,段,1432018529809
中国泡菜攻陷韩国,魏,1432018529809
3分钟数完,刘,1432018529809
3分钟数完,尹,1432018529809
张馨予 删博,许,1432018529809
学校2015,万,1432018529809
中国泡菜攻陷韩国,何,1432018529809
留长发还是短发,胡,1432018529809
女生的怪癖,蒋,1432018529809
留长发还是短发,谭,1432018529809
中国泡菜攻陷韩国,龚,1432018529809
小学恋情死于换位置,郑,1432018529809
爸爸去哪儿3,徐,1432018529809
胖不是因为你吃得多,吴,1432018529809
娄艺潇 邓家佳,宋,1432018529809
在校生30例艾滋病,宋,1432018529809
熊乃瑾,孔,1432018529809
3分钟数完,徐,1432018529809
留长发还是短发,郑,1432018529809
要不是因为丑,王,1432018529809
峰绍冯妮倪,叶,1432018529809
娄艺潇 邓家佳,杨,1432018529809
要不是因为丑,姜,1432018529809
留长发还是短发,万,1432018529809
蒲公英的正确玩法,万,1432018529809
要不是因为丑,方,1432018529809
熊乃瑾,杜,1432018529809
蒲公英的正确玩法,薛,1432018529809
小学恋情死于换位置,邱,1432018529809
小学恋情死于换位置,黄,1432018529809
我赚外国人的钱,吴,1432018529809
在校生30例艾滋病,宋,1432018529809
爸爸去哪儿3,沈,1432018529809
3分钟数完,黎,1432018529809
3分钟数完,曹,1432018529809
蒲公英的正确玩法,谭,1432018529809
女生的怪癖,顾,1432018529809
熊乃瑾,邵,1432018529809
在校生30例艾滋病,蒋,1432018529809
张馨予 删博,高,1432018529809
胖不是因为你吃得多,朱,1432018529809
爸爸去哪儿3,吴,1432018529809
中国泡菜攻陷韩国,易,1432018529809
学校2015,苏,1432018529809
小学恋情死于换位置,丁,1432018529809
留长发还是短发,郑,1432018529809
3分钟数完,冯,1432018529809
胖不是因为你吃得多,刘,1432018529809
峰绍冯妮倪,孟,1432018529809
峰绍冯妮倪,吕,1432018529809
中国泡菜攻陷韩国,朱,1432018529809
留长发还是短发,田,1432018529809
小学恋情死于换位置,邹,1432018529809
蒲公英的正确玩法,毛,1432018529809
小学恋情死于换位置,侯,1432018529809
小学恋情死于换位置,白,1432018529809
胖不是因为你吃得多,蒋,1432018529809
留长发还是短发,武,1432018529809
娄艺潇 邓家佳,郑,1432018529809
要不是因为丑,贾,1432018529809
张馨予 删博,王,1432018529809
学校2015,林,1432018529809
在校生30例艾滋病,马,1432018529809
要不是因为丑,董,1432018529809
蒲公英的正确玩法,宋,1432018529809
王思聪,秦,1432018529809
熊乃瑾,卢,1432018529809
胖不是因为你吃得多,冯,1432018529809
在校生30例艾滋病,钱,1432018529809
王思聪,蔡,1432018529809
女生的怪癖,韩,1432018529809
蒲公英的正确玩法,雷,1432018529809
胖不是因为你吃得多,易,1432018529809
胖不是因为你吃得多,崔,1432018529809
娄艺潇 邓家佳,史,1432018529809
爸爸去哪儿3,于,1432018529809
吴倩,孙,1432018529809
留长发还是短发,于,1432018529809
留长发还是短发,蒋,1432018529809
吴倩,锺,1432018529809
留长发还是短发,苏,1432018529809
八掌柜,白,1432018529809
张馨予 删博,潘,1432018529809
吴昕,毛,1432018529809
吴倩,董,1432018529809
八掌柜,孟,1432018529809
娄艺潇 邓家佳,尹,1432018529809
吴倩,孙,1432018529809
胖不是因为你吃得多,唐,1432018529809
熊乃瑾,钱,1432018529809
学校2015,廖,1432018529809
学校2015,蔡,1432018529809
女生的怪癖,贾,1432018529809
熊乃瑾,侯,1432018529809
女生的怪癖,邱,1432018529809
王思聪,侯,1432018529809
在校生30例艾滋病,高,1432018529809
王思聪,黄,1432018529809
3分钟数完,韩,1432018529809
中国泡菜攻陷韩国,刘,1432018529809
娄艺潇 邓家佳,戴,1432018529809
蒲公英的正确玩法,李,1432018529809
吴昕,余,1432018529809
我赚外国人的钱,董,1432018529809
峰绍冯妮倪,赵,1432018529809
吴倩,马,1432018529809
熊乃瑾,赖,1432018529809
胖不是因为你吃得多,马,1432018529809
胖不是因为你吃得多,郭,1432018529809
我赚外国人的钱,周,1432018529809
八掌柜,锺,1432018529809
张馨予 删博,朱,1432018529809
爸爸去哪儿3,谢,1432018529809
在校生30例艾滋病,武,1432018529809
爸爸去哪儿3,吴,1432018529809
3分钟数完,蒋,1432018529809
吴倩,梁,1432018529809
胖不是因为你吃得多,尹,1432018529809
学校2015,马,1432018529809
女生的怪癖,段,1432018529809
张馨予 删博,乔,1432018529809
八掌柜,丁,1432018529809
娄艺潇 邓家佳,尹,1432018529809
要不是因为丑,方,1432018529809
吴昕,姜,1432018529809
3分钟数完,王,1432018529809
熊乃瑾,萧,1432018529809
熊乃瑾,戴,1432018529809
小学恋情死于换位置,徐,1432018529809
在校生30例艾滋病,朱,1432018529809
张馨予 删博,任,1432018529809
吴倩,彭,1432018529809
熊乃瑾,周,1432018529809
娄艺潇 邓家佳,石,1432018529809
峰绍冯妮倪,崔,1432018529809
蒲公英的正确玩法,杜,1432018529809
学校2015,任,1432018529809
女生的怪癖,夏,1432018529809
吴昕,夏,1432018529809
小学恋情死于换位置,刘,1432018529809
张馨予 删博,朱,1432018529809
峰绍冯妮倪,汤,1432018529809
要不是因为丑,薛,1432018529809
娄艺潇 邓家佳,唐,1432018529809
3分钟数完,魏,1432018529809
王思聪,任,1432018529809
在校生30例艾滋病,张,1432018529809
王思聪,丁,1432018529809
小学恋情死于换位置,崔,1432018529809
熊乃瑾,郝,1432018529809
峰绍冯妮倪,何,1432018529809
我赚外国人的钱,尹,1432018529809
要不是因为丑,张,1432018529809
学校2015,余,1432018529809
吴倩,曹,1432018529809
娄艺潇 邓家佳,戴,1432018529809
中国泡菜攻陷韩国,魏,1432018529809
张馨予 删博,叶,1432018529809
女生的怪癖,孔,1432018529809
胖不是因为你吃得多,孙,1432018529809
蒲公英的正确玩法,蒋,1432018529809
爸爸去哪儿3,曹,1432018529809
张馨予 删博,董,1432018529809
峰绍冯妮倪,戴,1432018529809
3分钟数完,傅,1432018529809
熊乃瑾,邵,1432018529809
在校生30例艾滋病,董,1432018529809
学校2015,金,1432018529809
在校生30例艾滋病,蒋,1432018529809
3分钟数完,黄,1432018529809
吴昕,苏,1432018529809
在校生30例艾滋病,常,1432018529809
胖不是因为你吃得多,陈,1432018529809
在校生30例艾滋病,胡,1432018529809
张馨予 删博,周,1432018529809
峰绍冯妮倪,郑,1432018529809
胖不是因为你吃得多,廖,1432018529809
3分钟数完,丁,1432018529809
王思聪,吴,1432018529809
胖不是因为你吃得多,许,1432018529809
要不是因为丑,江,1432018529809
3分钟数完,白,1432018529809
吴昕,江,1432018529809
熊乃瑾,雷,1432018529809
3分钟数完,尹,1432018529809
吴倩,许,1432018529809
留长发还是短发,石,1432018529809
爸爸去哪儿3,侯,1432018529809
小学恋情死于换位置,郝,1432018529809
要不是因为丑,苏,1432018529809
吴昕,陆,1432018529809
张馨予 删博,汤,1432018529809
留长发还是短发,赖,1432018529809
八掌柜,姜,1432018529809
要不是因为丑,傅,1432018529809
蒲公英的正确玩法,马,1432018529809
八掌柜,雷,1432018529809
蒲公英的正确玩法,于,1432018529809
蒲公英的正确玩法,贾,1432018529809
要不是因为丑,彭,1432018529809
中国泡菜攻陷韩国,石,1432018529809
熊乃瑾,史,1432018529809
吴昕,蔡,1432018529809
留长发还是短发,尹,1432018529809
小学恋情死于换位置,金,1432018529809
在校生30例艾滋病,段,1432018529809
留长发还是短发,汪,1432018529809
八掌柜,侯,1432018529809
吴倩,张,1432018529809
留长发还是短发,沈,1432018529809
爸爸去哪儿3,段,1432018529809
留长发还是短发,汤,1432018529809
娄艺潇 邓家佳,刘,1432018529809
峰绍冯妮倪,黎,1432018529809
熊乃瑾,夏,1432018529809
张馨予 删博,江,1432018529809
王思聪,谢,1432018529809
要不是因为丑,蔡,1432018529809
峰绍冯妮倪,马,1432018529809
学校2015,毛,1432018529809
吴倩,邱,1432018529809
学校2015,杨,1432018529809
要不是因为丑,孔,1432018529809
胖不是因为你吃得多,叶,1432018529809
张馨予 删博,曹,1432018529809
峰绍冯妮倪,唐,1432018529809
要不是因为丑,宋,1432018529809
爸爸去哪儿3,高,1432018529809
学校2015,张,1432018529809
蒲公英的正确玩法,袁,1432018529809
3分钟数完,邹,1432018529809
吴昕,蒋,1432018529809
要不是因为丑,蔡,1432018529809
王思聪,冯,1432018529809
熊乃瑾,熊,1432018529809
张馨予 删博,阎,1432018529809
熊乃瑾,白,1432018529809
留长发还是短发,孔,1432018529809
留长发还是短发,潘,1432018529809
留长发还是短发,汤,1432018529809
吴倩,余,1432018529809
张馨予 删博,孔,1432018529809
娄艺潇 邓家佳,雷,1432018529809
蒲公英的正确玩法,龙,1432018529809
峰绍冯妮倪,杨,1432018529809
小学恋情死于换位置,董,1432018529809
蒲公英的正确玩法,方,1432018529809
我赚外国人的钱,邹,1432018529809
留长发还是短发,易,1432018529809
中国泡菜攻陷韩国,张,1432018529809
3分钟数完,文,1432018529809
学校2015,陈,1432018529809
学校2015,陈,1432018529809
王思聪,蒋,1432018529809
在校生30例艾滋病,冯,1432018529809
小学恋情死于换位置,贾,1432018529809
女生的怪癖,龙,1432018529809
3分钟数完,余,1432018529809
在校生30例艾滋病,崔,1432018529809
八掌柜,龚,1432018529809
在校生30例艾滋病,胡,1432018529809
八掌柜,顾,1432018529809
我赚外国人的钱,熊,1432018529809
爸爸去哪儿3,阎,1432018529809
学校2015,叶,1432018529809
留长发还是短发,徐,1432018529809
女生的怪癖,薛,1432018529809
胖不是因为你吃得多,卢,1432018529809
娄艺潇 邓家佳,孟,1432018529809
熊乃瑾,董,1432018529809
要不是因为丑,周,1432018529809
学校2015,孙,1432018529809
胖不是因为你吃得多,文,1432018529809
蒲公英的正确玩法,谢,1432018529809
小学恋情死于换位置,金,1432018529809
要不是因为丑,夏,1432018529809
学校2015,余,1432018529809
蒲公英的正确玩法,田,1432018529809
八掌柜,赵,1432018529809
要不是因为丑,唐,1432018529809
女生的怪癖,彭,1432018529809
峰绍冯妮倪,秦,1432018529809
在校生30例艾滋病,张,1432018529809
学校2015,沈,1432018529809
熊乃瑾,杨,1432018529809
峰绍冯妮倪,乔,1432018529809
女生的怪癖,贺,1432018529809
爸爸去哪儿3,黎,1432018529809
胖不是因为你吃得多,赖,1432018529809
小学恋情死于换位置,宋,1432018529809
要不是因为丑,杜,1432018529809
张馨予 删博,毛,1432018529809
要不是因为丑,熊,1432018529809
娄艺潇 邓家佳,田,1432018529809
爸爸去哪儿3,谭,1432018529809
吴倩,秦,1432018529809
胖不是因为你吃得多,贺,1432018529809
八掌柜,陆,1432018529809
留长发还是短发,石,1432018529809
女生的怪癖,韩,1432018529809
吴倩,钱,1432018529809
爸爸去哪儿3,常,1432018529809
八掌柜,何,1432018529809
要不是因为丑,夏,1432018529809
吴昕,魏,1432018529809
蒲公英的正确玩法,夏,1432018529809
小学恋情死于换位置,何,1432018529809
峰绍冯妮倪,范,1432018529809
留长发还是短发,于,1432018529809
峰绍冯妮倪,乔,1432018529809
中国泡菜攻陷韩国,常,1432018529809
张馨予 删博,方,1432018529809
小学恋情死于换位置,方,1432018529809
在校生30例艾滋病,潘,1432018529809
胖不是因为你吃得多,梁,1432018529809
爸爸去哪儿3,吴,1432018529809
峰绍冯妮倪,锺,1432018529809
我赚外国人的钱,孙,1432018529809
吴昕,毛,1432018529809
张馨予 删博,袁,1432018529809
吴昕,董,1432018529809
女生的怪癖,薛,1432018529809
学校2015,赖,1432018529809
蒲公英的正确玩法,锺,1432018529809
在校生30例艾滋病,阎,1432018529809
熊乃瑾,谢,1432018529809
我赚外国人的钱,曹,1432018529809
娄艺潇 邓家佳,姚,1432018529809
吴昕,邱,1432018529809
胖不是因为你吃得多,黎,1432018529809
女生的怪癖,夏,1432018529809
3分钟数完,杨,1432018529809
胖不是因为你吃得多,孙,1432018529809
峰绍冯妮倪,贾,1432018529809
学校2015,戴,1432018529809
要不是因为丑,沈,1432018529809
学校2015,胡,1432018529809
在校生30例艾滋病,汤,1432018529809
蒲公英的正确玩法,戴,1432018529809
吴昕,戴,1432018529809
爸爸去哪儿3,方,1432018529809
在校生30例艾滋病,石,1432018529809
熊乃瑾,薛,1432018529809
吴倩,顾,1432018529809
留长发还是短发,卢,1432018529809
蒲公英的正确玩法,秦,1432018529809
王思聪,金,1432018529809
3分钟数完,易,1432018529809
学校2015,康,1432018529809
3分钟数完,周,1432018529809
八掌柜,杨,1432018529809
3分钟数完,文,1432018529809
女生的怪癖,石,1432018529809
娄艺潇 邓家佳,曹,1432018529809
张馨予 删博,薛,1432018529809
学校2015,郑,1432018529809
吴昕,孟,1432018529809
爸爸去哪儿3,康,1432018529809
吴倩,罗,1432018529809
要不是因为丑,冯,1432018529809
吴昕,石,1432018529809
中国泡菜攻陷韩国,邹,1432018529809
胖不是因为你吃得多,卢,1432018529809
学校2015,吴,1432018529809
蒲公英的正确玩法,梁,1432018529809
峰绍冯妮倪,田,1432018529809
3分钟数完,王,1432018529809
在校生30例艾滋病,魏,1432018529809
爸爸去哪儿3,汪,1432018529809
小学恋情死于换位置,秦,1432018529809
留长发还是短发,姚,1432018529809
王思聪,丁,1432018529809
留长发还是短发,邓,1432018529809
中国泡菜攻陷韩国,叶,1432018529809
要不是因为丑,冯,1432018529809
女生的怪癖,汪,1432018529809
女生的怪癖,阎,1432018529809
胖不是因为你吃得多,杜,1432018529809
3分钟数完,王,1432018529809
要不是因为丑,锺,1432018529809
峰绍冯妮倪,卢,1432018529809
中国泡菜攻陷韩国,蒋,1432018529809
胖不是因为你吃得多,万,1432018529809
3分钟数完,邵,1432018529809
八掌柜,彭,1432018529809
王思聪,许,1432018529809
中国泡菜攻陷韩国,杜,1432018529809
在校生30例艾滋病,张,1432018529809
3分钟数完,任,1432018529809
蒲公英的正确玩法,朱,1432018529809
吴昕,孔,1432018529809
胖不是因为你吃得多,袁,1432018529809
爸爸去哪儿3,于,1432018529809
娄艺潇 邓家佳,姚,1432018529809
女生的怪癖,许,1432018529809
吴昕,吕,1432018529809
爸爸去哪儿3,戴,1432018529809
女生的怪癖,孟,1432018529809
女生的怪癖,范,1432018529809
女生的怪癖,林,1432018529809
熊乃瑾,武,1432018529809
熊乃瑾,田,1432018529809
王思聪,乔,1432018529809
娄艺潇 邓家佳,邹,1432018529809
张馨予 删博,易,1432018529809
留长发还是短发,史,1432018529809
峰绍冯妮倪,许,1432018529809
张馨予 删博,易,1432018529809
八掌柜,金,1432018529809
峰绍冯妮倪,顾,1432018529809
娄艺潇 邓家佳,林,1432018529809
熊乃瑾,曹,1432018529809
小学恋情死于换位置,赵,1432018529809
张馨予 删博,康,1432018529809
娄艺潇 邓家佳,贺,1432018529809
娄艺潇 邓家佳,常,1432018529809
蒲公英的正确玩法,戴,1432018529809
留长发还是短发,卢,1432018529809
熊乃瑾,贺,1432018529809
吴昕,于,1432018529809
爸爸去哪儿3,彭,1432018529809
熊乃瑾,周,1432018529809
3分钟数完,傅,1432018529809
熊乃瑾,姚,1432018529809
吴昕,姚,1432018529809
张馨予 删博,段,1432018529809
吴昕,戴,1432018529809
小学恋情死于换位置,余,1432018529809
留长发还是短发,程,1432018529809
留长发还是短发,吴,1432018529809
3分钟数完,金,1432018529809
吴倩,秦,1432018529809
在校生30例艾滋病,胡,1432018529809
学校2015,唐,1432018529809
学校2015,易,1432018529809
娄艺潇 邓家佳,苏,1432018529809
留长发还是短发,崔,1432018529809
爸爸去哪儿3,雷,1432018529809
吴昕,卢,1432018529809
3分钟数完,雷,1432018529809
蒲公英的正确玩法,陈,1432018529809
八掌柜,沈,1432018529809
吴倩,江,1432018529809
学校2015,顾,1432018529809
小学恋情死于换位置,周,1432018529809
王思聪,袁,1432018529809
八掌柜,胡,1432018529809
胖不是因为你吃得多,袁,1432018529809
学校2015,万,1432018529809
胖不是因为你吃得多,唐,1432018529809
3分钟数完,杨,1432018529809
学校2015,文,1432018529809
学校2015,邵,1432018529809
中国泡菜攻陷韩国,谭,1432018529809
峰绍冯妮倪,顾,1432018529809
蒲公英的正确玩法,史,1432018529809
在校生30例艾滋病,贺,1432018529809
3分钟数完,余,1432018529809
要不是因为丑,蒋,1432018529809
在校生30例艾滋病,赵,1432018529809
峰绍冯妮倪,谭,1432018529809
要不是因为丑,马,1432018529809
3分钟数完,胡,1432018529809
峰绍冯妮倪,卢,1432018529809
小学恋情死于换位置,侯,1432018529809
爸爸去哪儿3,赖,1432018529809
我赚外国人的钱,贺,1432018529809
学校2015,苏,1432018529809
留长发还是短发,朱,1432018529809
在校生30例艾滋病,金,1432018529809
张馨予 删博,贺,1432018529809
熊乃瑾,赵,1432018529809
峰绍冯妮倪,张,1432018529809
娄艺潇 邓家佳,曾,1432018529809
王思聪,蒋,1432018529809
留长发还是短发,廖,1432018529809
娄艺潇 邓家佳,黎,1432018529809
熊乃瑾,康,1432018529809
蒲公英的正确玩法,胡,1432018529809
女生的怪癖,戴,1432018529809
王思聪,杨,1432018529809
吴昕,林,1432018529809
学校2015,邹,1432018529809
留长发还是短发,任,1432018529809
小学恋情死于换位置,田,1432018529809
中国泡菜攻陷韩国,雷,1432018529809
要不是因为丑,何,1432018529809
小学恋情死于换位置,雷,1432018529809
八掌柜,赖,1432018529809
小学恋情死于换位置,曾,1432018529809
小学恋情死于换位置,孟,1432018529809
在校生30例艾滋病,阎,1432018529809
留长发还是短发,万,1432018529809
蒲公英的正确玩法,邹,1432018529809
蒲公英的正确玩法,魏,1432018529809
留长发还是短发,叶,1432018529809
3分钟数完,邱,1432018529809
女生的怪癖,侯,1432018529809
留长发还是短发,熊,1432018529809
学校2015,石,1432018529809
胖不是因为你吃得多,石,1432018529809
学校2015,杜,1432018529809
要不是因为丑,薛,1432018529809
吴倩,曾,1432018529809
峰绍冯妮倪,谭,1432018529809
女生的怪癖,文,1432018529809
峰绍冯妮倪,潘,1432018529809
王思聪,刘,1432018529809
蒲公英的正确玩法,郑,1432018529809
王思聪,邹,1432018529809
八掌柜,刘,1432018529809
小学恋情死于换位置,程,1432018529809
张馨予 删博,易,1432018529809
王思聪,姜,1432018529809
3分钟数完,贾,1432018529809
八掌柜,魏,1432018529809
在校生30例艾滋病,夏,1432018529809
熊乃瑾,余,1432018529809
张馨予 删博,刘,1432018529809
吴昕,杨,1432018529809
学校2015,张,1432018529809
爸爸去哪儿3,金,1432018529809
蒲公英的正确玩法,郭,1432018529809
蒲公英的正确玩法,金,1432018529809
在校生30例艾滋病,薛,1432018529809
娄艺潇 邓家佳,曾,1432018529809
吴倩,黄,1432018529809
吴昕,贾,1432018529809
娄艺潇 邓家佳,汤,1432018529809
女生的怪癖,许,1432018529809
要不是因为丑,张,1432018529809
学校2015,雷,1432018529809
在校生30例艾滋病,杨,1432018529809
吴倩,金,1432018529809
小学恋情死于换位置,叶,1432018529809
学校2015,廖,1432018529809
蒲公英的正确玩法,谭,1432018529809
我赚外国人的钱,朱,1432018529809
留长发还是短发,廖,1432018529809
爸爸去哪儿3,卢,1432018529809
吴倩,文,1432018529809
留长发还是短发,袁,1432018529809
女生的怪癖,曹,1432018529809
小学恋情死于换位置,梁,1432018529809
3分钟数完,锺,1432018529809
爸爸去哪儿3,易,1432018529809
娄艺潇 邓家佳,武,1432018529809
张馨予 删博,崔,1432018529809
爸爸去哪儿3,陈,1432018529809
熊乃瑾,锺,1432018529809
3分钟数完,孔,1432018529809
王思聪,郑,1432018529809
爸爸去哪儿3,唐,1432018529809
要不是因为丑,邹,1432018529809
蒲公英的正确玩法,潘,1432018529809
小学恋情死于换位置,方,1432018529809
学校2015,余,1432018529809
蒲公英的正确玩法,郭,1432018529809
吴倩,董,1432018529809
蒲公英的正确玩法,卢,1432018529809
学校2015,丁,1432018529809
八掌柜,许,1432018529809
张馨予 删博,贾,1432018529809
留长发还是短发,薛,1432018529809
熊乃瑾,崔,1432018529809
爸爸去哪儿3,孙,1432018529809
娄艺潇 邓家佳,侯,1432018529809
八掌柜,许,1432018529809
娄艺潇 邓家佳,姚,1432018529809
胖不是因为你吃得多,王,1432018529809
吴倩,崔,1432018529809
八掌柜,罗,1432018529809
要不是因为丑,秦,1432018529809
3分钟数完,萧,1432018529809
吴倩,贺,1432018529809
小学恋情死于换位置,许,1432018529809
在校生30例艾滋病,吕,1432018529809
熊乃瑾,张,1432018529809
蒲公英的正确玩法,顾,1432018529809
吴倩,龙,1432018529809
爸爸去哪儿3,易,1432018529809
娄艺潇 邓家佳,张,1432018529809
娄艺潇 邓家佳,傅,1432018529809
女生的怪癖,毛,1432018529809
熊乃瑾,秦,1432018529809
要不是因为丑,宋,1432018529809
蒲公英的正确玩法,侯,1432018529809
学校2015,龚,1432018529809
在校生30例艾滋病,夏,1432018529809
小学恋情死于换位置,潘,1432018529809
吴倩,任,1432018529809
王思聪,雷,1432018529809
峰绍冯妮倪,何,1432018529809
在校生30例艾滋病,蒋,1432018529809
八掌柜,赵,1432018529809
我赚外国人的钱,汤,1432018529809
娄艺潇 邓家佳,方,1432018529809
熊乃瑾,刘,1432018529809
女生的怪癖,康,1432018529809
张馨予 删博,朱,1432018529809
蒲公英的正确玩法,韩,1432018529809
学校2015,段,1432018529809
女生的怪癖,赵,1432018529809
八掌柜,邓,1432018529809
要不是因为丑,崔,1432018529809
留长发还是短发,朱,1432018529809
峰绍冯妮倪,崔,1432018529809
爸爸去哪儿3,贺,1432018529809
吴昕,余,1432018529809
爸爸去哪儿3,汤,1432018529809
女生的怪癖,钱,1432018529809
学校2015,谢,1432018529809
胖不是因为你吃得多,秦,1432018529809
峰绍冯妮倪,锺,1432018529809
峰绍冯妮倪,徐,1432018529809
要不是因为丑,吴,1432018529809
留长发还是短发,史,1432018529809
张馨予 删博,田,1432018529809
娄艺潇 邓家佳,周,1432018529809
吴倩,乔,1432018529809
3分钟数完,黎,1432018529809
爸爸去哪儿3,马,1432018529809
王思聪,崔,1432018529809
我赚外国人的钱,董,1432018529809
爸爸去哪儿3,卢,1432018529809
张馨予 删博,郝,1432018529809
3分钟数完,江,1432018529809
峰绍冯妮倪,魏,1432018529809
我赚外国人的钱,贾,1432018529809
八掌柜,谭,1432018529809
娄艺潇 邓家佳,徐,1432018529809
娄艺潇 邓家佳,任,1432018529809
小学恋情死于换位置,董,1432018529809
吴倩,姚,1432018529809
张馨予 删博,任,1432018529809
张馨予 删博,杨,1432018529809
留长发还是短发,黎,1432018529809
娄艺潇 邓家佳,龚,1432018529809
女生的怪癖,宋,1432018529809
学校2015,何,1432018529809
娄艺潇 邓家佳,石,1432018529809
胖不是因为你吃得多,蔡,1432018529809
中国泡菜攻陷韩国,丁,1432018529809
留长发还是短发,龚,1432018529809
吴倩,陈,1432018529809
3分钟数完,黄,1432018529809
留长发还是短发,冯,1432018529809
熊乃瑾,彭,1432018529809
吴昕,邱,1432018529809
吴昕,李,1432018529809
要不是因为丑,贾,1432018529809
要不是因为丑,郝,1432018529809
胖不是因为你吃得多,段,1432018529809
峰绍冯妮倪,汤,1432018529809
吴昕,乔,1432018529809
要不是因为丑,崔,1432018529809
胖不是因为你吃得多,彭,1432018529809
吴昕,薛,1432018529809
王思聪,阎,1432018529809
学校2015,武,1432018529809
学校2015,汤,1432018529809
女生的怪癖,邱,1432018529809
八掌柜,蔡,1432018529809
3分钟数完,雷,1432018529809
八掌柜,尹,1432018529809
张馨予 删博,杜,1432018529809
中国泡菜攻陷韩国,乔,1432018529809
王思聪,丁,1432018529809
王思聪,袁,1432018529809
爸爸去哪儿3,袁,1432018529809
我赚外国人的钱,张,1432018529809
峰绍冯妮倪,丁,1432018529809
胖不是因为你吃得多,蒋,1432018529809
留长发还是短发,赖,1432018529809
熊乃瑾,萧,1432018529809
3分钟数完,余,1432018529809
吴倩,何,1432018529809
峰绍冯妮倪,蔡,1432018529809
胖不是因为你吃得多,魏,1432018529809
吴倩,马,1432018529809
王思聪,任,1432018529809
爸爸去哪儿3,曾,1432018529809
胖不是因为你吃得多,苏,1432018529809
娄艺潇 邓家佳,何,1432018529809
女生的怪癖,孔,1432018529809
爸爸去哪儿3,龚,1432018529809
王思聪,赵,1432018529809
娄艺潇 邓家佳,谭,1432018529809
娄艺潇 邓家佳,郑,1432018529809
留长发还是短发,侯,1432018529809
3分钟数完,梁,1432018529809
在校生30例艾滋病,董,1432018529809
八掌柜,毛,1432018529809
要不是因为丑,魏,1432018529809
3分钟数完,郑,1432018529809
要不是因为丑,曾,1432018529809
吴昕,江,1432018529809
爸爸去哪儿3,康,1432018529809
在校生30例艾滋病,史,1432018529809
学校2015,郭,1432018529809
胖不是因为你吃得多,周,1432018529809
八掌柜,阎,1432018529809
学校2015,乔,1432018529809
吴昕,夏,1432018529809
熊乃瑾,夏,1432018529809
胖不是因为你吃得多,张,1432018529809
爸爸去哪儿3,黎,1432018529809
要不是因为丑,林,1432018529809
爸爸去哪儿3,史,1432018529809
小学恋情死于换位置,徐,1432018529809
学校2015,史,1432018529809
女生的怪癖,周,1432018529809
王思聪,孔,1432018529809
胖不是因为你吃得多,段,1432018529809
3分钟数完,武,1432018529809
3分钟数完,石,1432018529809
在校生30例艾滋病,赖,1432018529809
张馨予 删博,陈,1432018529809
张馨予 删博,石,1432018529809
爸爸去哪儿3,彭,1432018529809
要不是因为丑,何,1432018529809
王思聪,董,1432018529809
要不是因为丑,马,1432018529809
女生的怪癖,郭,1432018529809
留长发还是短发,黄,1432018529809
蒲公英的正确玩法,邱,1432018529809
学校2015,赖,1432018529809
3分钟数完,萧,1432018529809
张馨予 删博,梁,1432018529809
蒲公英的正确玩法,林,1432018529809
熊乃瑾,康,1432018529809
学校2015,周,1432018529809
留长发还是短发,廖,1432018529809
中国泡菜攻陷韩国,薛,1432018529809
张馨予 删博,郭,1432018529809
蒲公英的正确玩法,钱,1432018529809
3分钟数完,雷,1432018529809
小学恋情死于换位置,龙,1432018529809
爸爸去哪儿3,熊,1432018529809
学校2015,钱,1432018529809
八掌柜,易,1432018529809
张馨予 删博,史,1432018529809
峰绍冯妮倪,赖,1432018529809
3分钟数完,吕,1432018529809
胖不是因为你吃得多,邓,1432018529809
蒲公英的正确玩法,邹,1432018529809
3分钟数完,陆,1432018529809
娄艺潇 邓家佳,卢,1432018529809
要不是因为丑,锺,1432018529809
要不是因为丑,汪,1432018529809
熊乃瑾,林,1432018529809
学校2015,黎,1432018529809
3分钟数完,康,1432018529809
要不是因为丑,汪,1432018529809
峰绍冯妮倪,郭,1432018529809
蒲公英的正确玩法,秦,1432018529809
王思聪,萧,1432018529809
吴昕,唐,1432018529809
吴倩,苏,1432018529809
张馨予 删博,蔡,1432018529809
八掌柜,董,1432018529809
中国泡菜攻陷韩国,万,1432018529809
熊乃瑾,陆,1432018529809
胖不是因为你吃得多,汤,1432018529809
八掌柜,常,1432018529809
要不是因为丑,叶,1432018529809
蒲公英的正确玩法,董,1432018529809
张馨予 删博,苏,1432018529809
胖不是因为你吃得多,石,1432018529809
爸爸去哪儿3,宋,1432018529809
王思聪,武,1432018529809
在校生30例艾滋病,文,1432018529809
熊乃瑾,张,1432018529809
小学恋情死于换位置,高,1432018529809
张馨予 删博,余,1432018529809
3分钟数完,毛,1432018529809
娄艺潇 邓家佳,潘,1432018529809
我赚外国人的钱,潘,1432018529809
娄艺潇 邓家佳,吴,1432018529809
张馨予 删博,田,1432018529809
在校生30例艾滋病,雷,1432018529809
